{
  "train_loss": [
    0.965114725794111,
    0.6620528590849468,
    0.6189192976270403
  ],
  "val_loss": [
    0.677634608162774,
    0.6310346403651768,
    0.6188217686812083
  ],
  "train_sentiment_acc": [
    0.7934285714285715,
    0.7934285714285715,
    0.7938095238095239
  ],
  "val_sentiment_acc": [
    0.7911111111111111,
    0.7911111111111111,
    0.7928888888888889
  ],
  "train_feature_acc": [
    0.9198571428571428,
    0.9875238095238095,
    0.9922380952380953
  ],
  "val_feature_acc": [
    0.9893333333333333,
    0.9904444444444445,
    0.99
  ],
  "train_sentiment_f1": [
    0.2949391958421076,
    0.2949391958421076,
    0.30458579888836984
  ],
  "val_sentiment_f1": [
    0.29445822977762803,
    0.2984615269922745,
    0.3166279062001398
  ],
  "train_feature_f1": [
    0.9185505653847548,
    0.9874963867696738,
    0.9922192586524154
  ],
  "val_feature_f1": [
    0.9893191487646638,
    0.9904096229021823,
    0.98994918148165
  ]
}